Episode_lengths,Return(G)
43,-0.6491026283684022
32,-0.7249803359578534
15,-0.8600583546412884
